-- phpMyAdmin SQL Dump
-- version 4.8.4
-- https://www.phpmyadmin.net/
--
-- Host: localhost
-- Generation Time: Feb 03, 2019 at 01:27 PM
-- Server version: 10.1.35-MariaDB
-- PHP Version: 7.2.9

SET SQL_MODE = "NO_AUTO_VALUE_ON_ZERO";
SET AUTOCOMMIT = 0;
START TRANSACTION;
SET time_zone = "+00:00";


/*!40101 SET @OLD_CHARACTER_SET_CLIENT=@@CHARACTER_SET_CLIENT */;
/*!40101 SET @OLD_CHARACTER_SET_RESULTS=@@CHARACTER_SET_RESULTS */;
/*!40101 SET @OLD_COLLATION_CONNECTION=@@COLLATION_CONNECTION */;
/*!40101 SET NAMES utf8mb4 */;

--
-- Database: `prototype`
--

-- --------------------------------------------------------

--
-- Table structure for table `adminmeta`
--

CREATE TABLE `adminmeta` (
  `id` int(10) UNSIGNED NOT NULL,
  `admin_id` int(10) UNSIGNED NOT NULL,
  `meta_key` varchar(191) COLLATE utf8mb4_unicode_ci NOT NULL,
  `meta_value` text COLLATE utf8mb4_unicode_ci NOT NULL
) ENGINE=InnoDB DEFAULT CHARSET=utf8mb4 COLLATE=utf8mb4_unicode_ci;

-- --------------------------------------------------------

--
-- Table structure for table `admins`
--

CREATE TABLE `admins` (
  `id` int(10) UNSIGNED NOT NULL,
  `name` varchar(191) COLLATE utf8mb4_unicode_ci NOT NULL,
  `phone` varchar(191) COLLATE utf8mb4_unicode_ci NOT NULL,
  `email` varchar(191) COLLATE utf8mb4_unicode_ci NOT NULL,
  `password` varchar(191) COLLATE utf8mb4_unicode_ci NOT NULL,
  `status` tinyint(1) NOT NULL DEFAULT '0' COMMENT '0 or 1',
  `remember_token` varchar(100) COLLATE utf8mb4_unicode_ci DEFAULT NULL,
  `created_at` timestamp NULL DEFAULT NULL,
  `updated_at` timestamp NULL DEFAULT NULL
) ENGINE=InnoDB DEFAULT CHARSET=utf8mb4 COLLATE=utf8mb4_unicode_ci;

--
-- Dumping data for table `admins`
--

INSERT INTO `admins` (`id`, `name`, `phone`, `email`, `password`, `status`, `remember_token`, `created_at`, `updated_at`) VALUES
(1, 'Jayanta Biswas', '01903402828', 'bjayanta.neo@gmail.com', '$2y$10$/z7b8pAxERc9Jg0MD506xu4qWXW3tvzgt9FAjZ5k6SE3mOardojnC', 1, 'o54mRK6oqwEJkqN2CgGtDuhg2LhX0ZJ0SwDsm7TQVShgy4D9hGTn0tUnUYd4', '2018-12-11 21:36:17', '2018-12-12 01:19:54'),
(2, 'USITSolution', '01775219457', 'hello@usitsolution.net', '$2y$10$/z7b8pAxERc9Jg0MD506xu4qWXW3tvzgt9FAjZ5k6SE3mOardojnC', 1, 'ivgrOigAPIh4iV9HkwhaVXGINMuDthgSgQjyN67NHo1rlIqddVCEQBLiQzmm', '2018-12-11 21:36:17', '2018-12-12 01:20:01'),
(3, 'Shibbir Ahmed', '01766263681', 'shibbirweb@gmail.com', '$2y$10$2j6.fes7CxsAx3/gnHMHKe/Rsgm6RN28mu4zOIgb.MGcn96NTfUOm', 1, NULL, '2019-01-04 15:17:02', '2019-01-04 15:17:02');

-- --------------------------------------------------------

--
-- Table structure for table `admin_role`
--

CREATE TABLE `admin_role` (
  `admin_id` int(10) UNSIGNED NOT NULL,
  `role_id` int(10) UNSIGNED NOT NULL
) ENGINE=InnoDB DEFAULT CHARSET=utf8mb4 COLLATE=utf8mb4_unicode_ci;

--
-- Dumping data for table `admin_role`
--

INSERT INTO `admin_role` (`admin_id`, `role_id`) VALUES
(1, 1),
(2, 3),
(3, 1);

-- --------------------------------------------------------

--
-- Table structure for table `migrations`
--

CREATE TABLE `migrations` (
  `id` int(10) UNSIGNED NOT NULL,
  `migration` varchar(191) COLLATE utf8mb4_unicode_ci NOT NULL,
  `batch` int(11) NOT NULL
) ENGINE=InnoDB DEFAULT CHARSET=utf8mb4 COLLATE=utf8mb4_unicode_ci;

--
-- Dumping data for table `migrations`
--

INSERT INTO `migrations` (`id`, `migration`, `batch`) VALUES
(1, '2014_10_12_000000_create_users_table', 1),
(2, '2014_10_12_100000_create_password_resets_table', 1),
(3, '2018_12_01_102758_create_admins_table', 2),
(4, '2018_12_03_124721_create_permissions_table', 3),
(5, '2018_12_04_123752_create_roles_table', 4);

-- --------------------------------------------------------

--
-- Table structure for table `password_resets`
--

CREATE TABLE `password_resets` (
  `email` varchar(191) COLLATE utf8mb4_unicode_ci NOT NULL,
  `token` varchar(191) COLLATE utf8mb4_unicode_ci NOT NULL,
  `created_at` timestamp NULL DEFAULT NULL
) ENGINE=InnoDB DEFAULT CHARSET=utf8mb4 COLLATE=utf8mb4_unicode_ci;

-- --------------------------------------------------------

--
-- Table structure for table `permissions`
--

CREATE TABLE `permissions` (
  `id` int(10) UNSIGNED NOT NULL,
  `name` varchar(191) COLLATE utf8mb4_unicode_ci NOT NULL,
  `slug` varchar(191) COLLATE utf8mb4_unicode_ci NOT NULL,
  `menu` varchar(191) COLLATE utf8mb4_unicode_ci NOT NULL,
  `description` text COLLATE utf8mb4_unicode_ci
) ENGINE=InnoDB DEFAULT CHARSET=utf8mb4 COLLATE=utf8mb4_unicode_ci;

--
-- Dumping data for table `permissions`
--

INSERT INTO `permissions` (`id`, `name`, `slug`, `menu`, `description`) VALUES
(1, 'Tag Create', 'tag-create', 'tag', 'Tag Create'),
(2, 'Tag Update', 'tag-update', 'tag', 'Tag Update'),
(3, 'Tag Delete', 'tag-delete', 'tag', 'Tag Delete'),
(4, 'Tag Publish', 'tag-publish', 'tag', 'Tag Publish');

-- --------------------------------------------------------

--
-- Table structure for table `permission_role`
--

CREATE TABLE `permission_role` (
  `role_id` int(10) UNSIGNED NOT NULL,
  `permission_id` int(10) UNSIGNED NOT NULL
) ENGINE=InnoDB DEFAULT CHARSET=utf8mb4 COLLATE=utf8mb4_unicode_ci;

--
-- Dumping data for table `permission_role`
--

INSERT INTO `permission_role` (`role_id`, `permission_id`) VALUES
(1, 1),
(1, 2),
(1, 3),
(1, 4),
(2, 1),
(2, 2),
(2, 3),
(2, 4),
(3, 4),
(4, 1),
(4, 2),
(4, 3),
(5, 1),
(5, 2),
(3, 2);

-- --------------------------------------------------------

--
-- Table structure for table `roles`
--

CREATE TABLE `roles` (
  `id` int(10) UNSIGNED NOT NULL,
  `name` varchar(191) COLLATE utf8mb4_unicode_ci NOT NULL COMMENT 'superadmin/administrator/editor/author/contributor/subscriber',
  `slug` varchar(191) COLLATE utf8mb4_unicode_ci NOT NULL,
  `description` text COLLATE utf8mb4_unicode_ci
) ENGINE=InnoDB DEFAULT CHARSET=utf8mb4 COLLATE=utf8mb4_unicode_ci;

--
-- Dumping data for table `roles`
--

INSERT INTO `roles` (`id`, `name`, `slug`, `description`) VALUES
(1, 'Superadmin', 'superadmin', 'superadmin'),
(2, 'Administrator', 'administrator', 'Administrator'),
(3, 'Editor', 'editor', 'Editor'),
(4, 'Author', 'author', 'author'),
(5, 'Contributor', 'contributor', 'contributor');

-- --------------------------------------------------------

--
-- Table structure for table `usermeta`
--

CREATE TABLE `usermeta` (
  `id` int(10) UNSIGNED NOT NULL,
  `user_id` int(10) UNSIGNED NOT NULL,
  `meta_key` varchar(191) COLLATE utf8mb4_unicode_ci NOT NULL,
  `meta_value` text COLLATE utf8mb4_unicode_ci NOT NULL
) ENGINE=InnoDB DEFAULT CHARSET=utf8mb4 COLLATE=utf8mb4_unicode_ci;

-- --------------------------------------------------------

--
-- Table structure for table `users`
--

CREATE TABLE `users` (
  `id` int(10) UNSIGNED NOT NULL,
  `name` varchar(191) COLLATE utf8mb4_unicode_ci NOT NULL,
  `phone` varchar(191) COLLATE utf8mb4_unicode_ci NOT NULL,
  `email` varchar(191) COLLATE utf8mb4_unicode_ci NOT NULL,
  `email_verified_at` timestamp NULL DEFAULT NULL,
  `password` varchar(191) COLLATE utf8mb4_unicode_ci NOT NULL,
  `account_type` varchar(191) COLLATE utf8mb4_unicode_ci NOT NULL COMMENT 'general/special/employer',
  `activation_token` varchar(191) COLLATE utf8mb4_unicode_ci DEFAULT NULL,
  `status` tinyint(1) NOT NULL DEFAULT '0' COMMENT '0 or 1',
  `remember_token` varchar(100) COLLATE utf8mb4_unicode_ci DEFAULT NULL,
  `created_at` timestamp NULL DEFAULT NULL,
  `updated_at` timestamp NULL DEFAULT NULL
) ENGINE=InnoDB DEFAULT CHARSET=utf8mb4 COLLATE=utf8mb4_unicode_ci;

--
-- Dumping data for table `users`
--

INSERT INTO `users` (`id`, `name`, `phone`, `email`, `email_verified_at`, `password`, `account_type`, `activation_token`, `status`, `remember_token`, `created_at`, `updated_at`) VALUES
(1, 'Jayanta Biswas', '01775219457', 'bjayanta.neo@gmail.com', NULL, '$2y$10$/z7b8pAxERc9Jg0MD506xu4qWXW3tvzgt9FAjZ5k6SE3mOardojnC', 'general', NULL, 1, 'kHiWJ3dDqd7Rf3Vf7jCZWcPtoNVhQG6jkkq8bSVotCrTun6nA9BN03fqyDc7', '2018-12-11 21:36:17', '2018-12-11 21:36:34');

--
-- Indexes for dumped tables
--

--
-- Indexes for table `adminmeta`
--
ALTER TABLE `adminmeta`
  ADD PRIMARY KEY (`id`),
  ADD KEY `adminmeta_admin_id_foreign` (`admin_id`);

--
-- Indexes for table `admins`
--
ALTER TABLE `admins`
  ADD PRIMARY KEY (`id`),
  ADD UNIQUE KEY `admins_phone_unique` (`phone`),
  ADD UNIQUE KEY `admins_email_unique` (`email`);

--
-- Indexes for table `admin_role`
--
ALTER TABLE `admin_role`
  ADD KEY `admin_role_admin_id_foreign` (`admin_id`),
  ADD KEY `admin_role_role_id_foreign` (`role_id`);

--
-- Indexes for table `migrations`
--
ALTER TABLE `migrations`
  ADD PRIMARY KEY (`id`);

--
-- Indexes for table `password_resets`
--
ALTER TABLE `password_resets`
  ADD KEY `password_resets_email_index` (`email`);

--
-- Indexes for table `permissions`
--
ALTER TABLE `permissions`
  ADD PRIMARY KEY (`id`);

--
-- Indexes for table `permission_role`
--
ALTER TABLE `permission_role`
  ADD KEY `permission_role_role_id_foreign` (`role_id`),
  ADD KEY `permission_role_permission_id_foreign` (`permission_id`);

--
-- Indexes for table `roles`
--
ALTER TABLE `roles`
  ADD PRIMARY KEY (`id`);

--
-- Indexes for table `usermeta`
--
ALTER TABLE `usermeta`
  ADD PRIMARY KEY (`id`),
  ADD KEY `usermeta_user_id_foreign` (`user_id`);

--
-- Indexes for table `users`
--
ALTER TABLE `users`
  ADD PRIMARY KEY (`id`),
  ADD UNIQUE KEY `users_phone_unique` (`phone`),
  ADD UNIQUE KEY `users_email_unique` (`email`);

--
-- AUTO_INCREMENT for dumped tables
--

--
-- AUTO_INCREMENT for table `adminmeta`
--
ALTER TABLE `adminmeta`
  MODIFY `id` int(10) UNSIGNED NOT NULL AUTO_INCREMENT;

--
-- AUTO_INCREMENT for table `admins`
--
ALTER TABLE `admins`
  MODIFY `id` int(10) UNSIGNED NOT NULL AUTO_INCREMENT, AUTO_INCREMENT=4;

--
-- AUTO_INCREMENT for table `migrations`
--
ALTER TABLE `migrations`
  MODIFY `id` int(10) UNSIGNED NOT NULL AUTO_INCREMENT, AUTO_INCREMENT=6;

--
-- AUTO_INCREMENT for table `permissions`
--
ALTER TABLE `permissions`
  MODIFY `id` int(10) UNSIGNED NOT NULL AUTO_INCREMENT, AUTO_INCREMENT=5;

--
-- AUTO_INCREMENT for table `roles`
--
ALTER TABLE `roles`
  MODIFY `id` int(10) UNSIGNED NOT NULL AUTO_INCREMENT, AUTO_INCREMENT=6;

--
-- AUTO_INCREMENT for table `usermeta`
--
ALTER TABLE `usermeta`
  MODIFY `id` int(10) UNSIGNED NOT NULL AUTO_INCREMENT;

--
-- AUTO_INCREMENT for table `users`
--
ALTER TABLE `users`
  MODIFY `id` int(10) UNSIGNED NOT NULL AUTO_INCREMENT, AUTO_INCREMENT=2;

--
-- Constraints for dumped tables
--

--
-- Constraints for table `adminmeta`
--
ALTER TABLE `adminmeta`
  ADD CONSTRAINT `adminmeta_admin_id_foreign` FOREIGN KEY (`admin_id`) REFERENCES `admins` (`id`) ON DELETE CASCADE ON UPDATE CASCADE;

--
-- Constraints for table `admin_role`
--
ALTER TABLE `admin_role`
  ADD CONSTRAINT `admin_role_admin_id_foreign` FOREIGN KEY (`admin_id`) REFERENCES `admins` (`id`) ON DELETE CASCADE ON UPDATE CASCADE,
  ADD CONSTRAINT `admin_role_role_id_foreign` FOREIGN KEY (`role_id`) REFERENCES `roles` (`id`) ON DELETE CASCADE ON UPDATE CASCADE;

--
-- Constraints for table `permission_role`
--
ALTER TABLE `permission_role`
  ADD CONSTRAINT `permission_role_permission_id_foreign` FOREIGN KEY (`permission_id`) REFERENCES `permissions` (`id`) ON DELETE CASCADE ON UPDATE CASCADE,
  ADD CONSTRAINT `permission_role_role_id_foreign` FOREIGN KEY (`role_id`) REFERENCES `roles` (`id`) ON DELETE CASCADE ON UPDATE CASCADE;

--
-- Constraints for table `usermeta`
--
ALTER TABLE `usermeta`
  ADD CONSTRAINT `usermeta_user_id_foreign` FOREIGN KEY (`user_id`) REFERENCES `users` (`id`) ON DELETE CASCADE ON UPDATE CASCADE;
COMMIT;

/*!40101 SET CHARACTER_SET_CLIENT=@OLD_CHARACTER_SET_CLIENT */;
/*!40101 SET CHARACTER_SET_RESULTS=@OLD_CHARACTER_SET_RESULTS */;
/*!40101 SET COLLATION_CONNECTION=@OLD_COLLATION_CONNECTION */;
